[{"model": "admin.logentry", "pk": 1, "fields": {"action_time": "2025-05-05T06:06:51.248Z", "user": 2, "content_type": 8, "object_id": "Uncategorized", "object_repr": "Uncategorized", "action_flag": 1, "change_message": "[{\"added\": {}}]"}}, {"model": "admin.logentry", "pk": 2, "fields": {"action_time": "2025-05-05T06:14:50.797Z", "user": 2, "content_type": 7, "object_id": "French Fries", "object_repr": "MenuItem object (French Fries)", "action_flag": 1, "change_message": "[{\"added\": {}}]"}}, {"model": "admin.logentry", "pk": 3, "fields": {"action_time": "2025-05-05T06:30:49.708Z", "user": 2, "content_type": 8, "object_id": "Fast Food", "object_repr": "Fast Food", "action_flag": 1, "change_message": "[{\"added\": {}}]"}}, {"model": "admin.logentry", "pk": 4, "fields": {"action_time": "2025-05-05T06:30:59.759Z", "user": 2, "content_type": 7, "object_id": "French Fries", "object_repr": "MenuItem object (French Fries)", "action_flag": 2, "change_message": "[{\"changed\": {\"fields\": [\"Category\"]}}]"}}, {"model": "admin.logentry", "pk": 5, "fields": {"action_time": "2025-05-13T11:30:15.625Z", "user": 2, "content_type": 8, "object_id": "Side Dish", "object_repr": "Side Dish", "action_flag": 2, "change_message": "[{\"changed\": {\"fields\": [\"Category name\", \"Category slug\"]}}]"}}, {"model": "admin.logentry", "pk": 6, "fields": {"action_time": "2025-05-13T11:30:26.567Z", "user": 2, "content_type": 8, "object_id": "Platter", "object_repr": "Platter", "action_flag": 1, "change_message": "[{\"added\": {}}]"}}, {"model": "admin.logentry", "pk": 7, "fields": {"action_time": "2025-05-13T11:30:33.752Z", "user": 2, "content_type": 8, "object_id": "Pizza", "object_repr": "Pizza", "action_flag": 1, "change_message": "[{\"added\": {}}]"}}, {"model": "admin.logentry", "pk": 8, "fields": {"action_time": "2025-05-13T11:30:40.250Z", "user": 2, "content_type": 8, "object_id": "Drink", "object_repr": "Drink", "action_flag": 1, "change_message": "[{\"added\": {}}]"}}, {"model": "admin.logentry", "pk": 9, "fields": {"action_time": "2025-05-13T11:31:07.817Z", "user": 2, "content_type": 8, "object_id": "Burger", "object_repr": "Burger", "action_flag": 1, "change_message": "[{\"added\": {}}]"}}, {"model": "admin.logentry", "pk": 10, "fields": {"action_time": "2025-05-13T11:31:34.565Z", "user": 2, "content_type": 8, "object_id": "Fast Food", "object_repr": "Fast Food", "action_flag": 3, "change_message": ""}}, {"model": "admin.logentry", "pk": 11, "fields": {"action_time": "2025-05-13T11:33:10.790Z", "user": 2, "content_type": 7, "object_id": "French Fries", "object_repr": "MenuItem object (French Fries)", "action_flag": 2, "change_message": "[{\"changed\": {\"fields\": [\"Category\"]}}]"}}, {"model": "admin.logentry", "pk": 12, "fields": {"action_time": "2025-05-13T11:43:32.562Z", "user": 2, "content_type": 7, "object_id": "Beefy Burger", "object_repr": "MenuItem object (Beefy Burger)", "action_flag": 1, "change_message": "[{\"added\": {}}]"}}, {"model": "admin.logentry", "pk": 13, "fields": {"action_time": "2025-05-13T11:47:16.672Z", "user": 2, "content_type": 7, "object_id": "Jumbo Cheese Burger", "object_repr": "MenuItem object (Jumbo Cheese Burger)", "action_flag": 1, "change_message": "[{\"added\": {}}]"}}, {"model": "admin.logentry", "pk": 14, "fields": {"action_time": "2025-05-13T11:50:57.202Z", "user": 2, "content_type": 7, "object_id": "Zesty Burger", "object_repr": "MenuItem object (Zesty Burger)", "action_flag": 1, "change_message": "[{\"added\": {}}]"}}, {"model": "admin.logentry", "pk": 15, "fields": {"action_time": "2025-05-13T11:53:27.646Z", "user": 2, "content_type": 7, "object_id": "Artistic Burger", "object_repr": "MenuItem object (Artistic Burger)", "action_flag": 1, "change_message": "[{\"added\": {}}]"}}, {"model": "admin.logentry", "pk": 16, "fields": {"action_time": "2025-05-13T11:56:26.805Z", "user": 2, "content_type": 7, "object_id": "Signature Bagel Burger", "object_repr": "MenuItem object (Signature Bagel Burger)", "action_flag": 1, "change_message": "[{\"added\": {}}]"}}, {"model": "admin.logentry", "pk": 17, "fields": {"action_time": "2025-05-13T11:58:44.498Z", "user": 2, "content_type": 7, "object_id": "English Breakfast Burger", "object_repr": "MenuItem object (English Breakfast Burger)", "action_flag": 1, "change_message": "[{\"added\": {}}]"}}, {"model": "admin.logentry", "pk": 18, "fields": {"action_time": "2025-05-13T12:01:44.642Z", "user": 2, "content_type": 7, "object_id": "Zesty Burger", "object_repr": "MenuItem object (Zesty Burger)", "action_flag": 2, "change_message": "[{\"changed\": {\"fields\": [\"Item image\"]}}]"}}, {"model": "admin.logentry", "pk": 19, "fields": {"action_time": "2025-05-13T12:02:03.023Z", "user": 2, "content_type": 7, "object_id": "Signature Bagel Burger", "object_repr": "MenuItem object (Signature Bagel Burger)", "action_flag": 2, "change_message": "[{\"changed\": {\"fields\": [\"Item image\"]}}]"}}, {"model": "admin.logentry", "pk": 20, "fields": {"action_time": "2025-05-13T12:02:11.765Z", "user": 2, "content_type": 7, "object_id": "Jumbo Cheese Burger", "object_repr": "MenuItem object (Jumbo Cheese Burger)", "action_flag": 2, "change_message": "[{\"changed\": {\"fields\": [\"Item image\"]}}]"}}, {"model": "admin.logentry", "pk": 21, "fields": {"action_time": "2025-05-13T12:02:23.289Z", "user": 2, "content_type": 7, "object_id": "English Breakfast Burger", "object_repr": "MenuItem object (English Breakfast Burger)", "action_flag": 2, "change_message": "[{\"changed\": {\"fields\": [\"Item image\"]}}]"}}, {"model": "admin.logentry", "pk": 22, "fields": {"action_time": "2025-05-13T12:02:36.683Z", "user": 2, "content_type": 7, "object_id": "English Breakfast Burger", "object_repr": "MenuItem object (English Breakfast Burger)", "action_flag": 2, "change_message": "[{\"changed\": {\"fields\": [\"Item image\"]}}]"}}, {"model": "admin.logentry", "pk": 23, "fields": {"action_time": "2025-05-13T12:02:44.366Z", "user": 2, "content_type": 7, "object_id": "Beefy Burger", "object_repr": "MenuItem object (Beefy Burger)", "action_flag": 2, "change_message": "[{\"changed\": {\"fields\": [\"Item image\"]}}]"}}, {"model": "admin.logentry", "pk": 24, "fields": {"action_time": "2025-05-13T12:02:53.204Z", "user": 2, "content_type": 7, "object_id": "Artistic Burger", "object_repr": "MenuItem object (Artistic Burger)", "action_flag": 2, "change_message": "[{\"changed\": {\"fields\": [\"Item image\"]}}]"}}, {"model": "admin.logentry", "pk": 25, "fields": {"action_time": "2025-05-13T12:03:01.759Z", "user": 2, "content_type": 7, "object_id": "French Fries", "object_repr": "MenuItem object (French Fries)", "action_flag": 2, "change_message": "[{\"changed\": {\"fields\": [\"Is featured\"]}}]"}}, {"model": "admin.logentry", "pk": 26, "fields": {"action_time": "2025-05-13T12:24:10.329Z", "user": 2, "content_type": 7, "object_id": "Classic Mini Pizza", "object_repr": "MenuItem object (Classic Mini Pizza)", "action_flag": 1, "change_message": "[{\"added\": {}}]"}}, {"model": "admin.logentry", "pk": 27, "fields": {"action_time": "2025-05-13T12:25:08.942Z", "user": 2, "content_type": 7, "object_id": "Classic Cheese Pizza", "object_repr": "MenuItem object (Classic Cheese Pizza)", "action_flag": 1, "change_message": "[{\"added\": {}}]"}}, {"model": "admin.logentry", "pk": 28, "fields": {"action_time": "2025-05-13T12:25:54.659Z", "user": 2, "content_type": 7, "object_id": "Mushroom Pizza", "object_repr": "MenuItem object (Mushroom Pizza)", "action_flag": 1, "change_message": "[{\"added\": {}}]"}}, {"model": "admin.logentry", "pk": 29, "fields": {"action_time": "2025-05-13T12:26:53.183Z", "user": 2, "content_type": 7, "object_id": "Pepperoni Pizza", "object_repr": "MenuItem object (Pepperoni Pizza)", "action_flag": 1, "change_message": "[{\"added\": {}}]"}}, {"model": "admin.logentry", "pk": 30, "fields": {"action_time": "2025-05-13T12:27:33.016Z", "user": 2, "content_type": 7, "object_id": "Sausage Pizza", "object_repr": "MenuItem object (Sausage Pizza)", "action_flag": 1, "change_message": "[{\"added\": {}}]"}}, {"model": "admin.logentry", "pk": 31, "fields": {"action_time": "2025-05-13T12:28:30.586Z", "user": 2, "content_type": 7, "object_id": "Choco Pizza", "object_repr": "MenuItem object (Choco Pizza)", "action_flag": 1, "change_message": "[{\"added\": {}}]"}}, {"model": "admin.logentry", "pk": 32, "fields": {"action_time": "2025-05-13T12:29:34.591Z", "user": 2, "content_type": 7, "object_id": "BBQ Pizza", "object_repr": "MenuItem object (BBQ Pizza)", "action_flag": 1, "change_message": "[{\"added\": {}}]"}}, {"model": "admin.logentry", "pk": 33, "fields": {"action_time": "2025-05-13T12:30:49.283Z", "user": 2, "content_type": 7, "object_id": "Chunky Pizza", "object_repr": "MenuItem object (Chunky Pizza)", "action_flag": 1, "change_message": "[{\"added\": {}}]"}}, {"model": "admin.logentry", "pk": 34, "fields": {"action_time": "2025-05-13T12:31:25.293Z", "user": 2, "content_type": 7, "object_id": "Sausage Pizza", "object_repr": "MenuItem object (Sausage Pizza)", "action_flag": 2, "change_message": "[{\"changed\": {\"fields\": [\"Is featured\"]}}]"}}, {"model": "admin.logentry", "pk": 35, "fields": {"action_time": "2025-05-13T18:07:48.348Z", "user": 2, "content_type": 7, "object_id": "Cold Coffee", "object_repr": "MenuItem object (Cold Coffee)", "action_flag": 1, "change_message": "[{\"added\": {}}]"}}, {"model": "admin.logentry", "pk": 36, "fields": {"action_time": "2025-05-13T18:11:46.269Z", "user": 2, "content_type": 7, "object_id": "Blue Lagoon", "object_repr": "MenuItem object (Blue Lagoon)", "action_flag": 1, "change_message": "[{\"added\": {}}]"}}, {"model": "admin.logentry", "pk": 37, "fields": {"action_time": "2025-05-13T18:12:13.310Z", "user": 2, "content_type": 7, "object_id": "Lemonade", "object_repr": "MenuItem object (Lemonade)", "action_flag": 1, "change_message": "[{\"added\": {}}]"}}, {"model": "admin.logentry", "pk": 38, "fields": {"action_time": "2025-05-13T18:16:08.666Z", "user": 2, "content_type": 7, "object_id": "Premium Deshi Platter", "object_repr": "MenuItem object (Premium Deshi Platter)", "action_flag": 1, "change_message": "[{\"added\": {}}]"}}, {"model": "admin.logentry", "pk": 39, "fields": {"action_time": "2025-05-14T16:40:31.944Z", "user": 2, "content_type": 12, "object_id": "1", "object_repr": "Review object (1)", "action_flag": 1, "change_message": "[{\"added\": {}}]"}}, {"model": "admin.logentry", "pk": 40, "fields": {"action_time": "2025-05-14T16:42:19.349Z", "user": 2, "content_type": 12, "object_id": "2", "object_repr": "Review object (2)", "action_flag": 1, "change_message": "[{\"added\": {}}]"}}, {"model": "admin.logentry", "pk": 41, "fields": {"action_time": "2025-05-14T16:43:29.841Z", "user": 2, "content_type": 12, "object_id": "3", "object_repr": "Review object (3)", "action_flag": 1, "change_message": "[{\"added\": {}}]"}}, {"model": "admin.logentry", "pk": 42, "fields": {"action_time": "2025-05-14T16:44:07.936Z", "user": 2, "content_type": 12, "object_id": "4", "object_repr": "Review object (4)", "action_flag": 1, "change_message": "[{\"added\": {}}]"}}, {"model": "admin.logentry", "pk": 43, "fields": {"action_time": "2025-05-14T16:44:39.366Z", "user": 2, "content_type": 12, "object_id": "5", "object_repr": "Review object (5)", "action_flag": 1, "change_message": "[{\"added\": {}}]"}}, {"model": "admin.logentry", "pk": 44, "fields": {"action_time": "2025-05-14T16:44:56.882Z", "user": 2, "content_type": 12, "object_id": "1", "object_repr": "Review object (1)", "action_flag": 2, "change_message": "[{\"changed\": {\"fields\": [\"Is featured\"]}}]"}}, {"model": "admin.logentry", "pk": 45, "fields": {"action_time": "2025-05-14T16:45:03.295Z", "user": 2, "content_type": 12, "object_id": "5", "object_repr": "Review object (5)", "action_flag": 2, "change_message": "[]"}}, {"model": "admin.logentry", "pk": 46, "fields": {"action_time": "2025-05-18T06:22:23.764Z", "user": 2, "content_type": 7, "object_id": "English Breakfast Burger", "object_repr": "MenuItem object (English Breakfast Burger)", "action_flag": 2, "change_message": "[{\"changed\": {\"fields\": [\"Is available\"]}}]"}}, {"model": "admin.logentry", "pk": 47, "fields": {"action_time": "2025-05-18T06:23:20.950Z", "user": 2, "content_type": 7, "object_id": "Sausage Pizza", "object_repr": "MenuItem object (Sausage Pizza)", "action_flag": 2, "change_message": "[{\"changed\": {\"fields\": [\"Is available\"]}}]"}}, {"model": "admin.logentry", "pk": 48, "fields": {"action_time": "2025-05-18T10:19:22.085Z", "user": 2, "content_type": 7, "object_id": "Chicken Nuggets", "object_repr": "MenuItem object (Chicken Nuggets)", "action_flag": 1, "change_message": "[{\"added\": {}}]"}}, {"model": "admin.logentry", "pk": 49, "fields": {"action_time": "2025-05-18T13:07:06.225Z", "user": 2, "content_type": 7, "object_id": "Juicy Bagel Burger", "object_repr": "MenuItem object (Juicy Bagel Burger)", "action_flag": 2, "change_message": "[{\"changed\": {\"fields\": [\"Item name\"]}}]"}}, {"model": "admin.logentry", "pk": 50, "fields": {"action_time": "2025-05-18T13:07:22.745Z", "user": 2, "content_type": 7, "object_id": "The Breakfast Burger", "object_repr": "MenuItem object (The Breakfast Burger)", "action_flag": 2, "change_message": "[{\"changed\": {\"fields\": [\"Item name\"]}}]"}}, {"model": "admin.logentry", "pk": 51, "fields": {"action_time": "2025-05-18T13:09:29.977Z", "user": 2, "content_type": 7, "object_id": "Signature Bagel Burger", "object_repr": "MenuItem object (Signature Bagel Burger)", "action_flag": 3, "change_message": ""}}, {"model": "admin.logentry", "pk": 52, "fields": {"action_time": "2025-05-18T13:09:30.097Z", "user": 2, "content_type": 7, "object_id": "English Breakfast Burger", "object_repr": "MenuItem object (English Breakfast Burger)", "action_flag": 3, "change_message": ""}}, {"model": "admin.logentry", "pk": 53, "fields": {"action_time": "2025-05-18T13:09:55.024Z", "user": 2, "content_type": 7, "object_id": "The Breakfast Burger", "object_repr": "MenuItem object (The Breakfast Burger)", "action_flag": 2, "change_message": "[{\"changed\": {\"fields\": [\"Item image\"]}}]"}}, {"model": "admin.logentry", "pk": 54, "fields": {"action_time": "2025-05-18T13:11:11.062Z", "user": 2, "content_type": 7, "object_id": "The Breakfast Burger", "object_repr": "MenuItem object (The Breakfast Burger)", "action_flag": 2, "change_message": "[{\"changed\": {\"fields\": [\"Item image\"]}}]"}}, {"model": "admin.logentry", "pk": 55, "fields": {"action_time": "2025-05-18T13:40:32.248Z", "user": 2, "content_type": 7, "object_id": "French Fries", "object_repr": "MenuItem object (French Fries)", "action_flag": 2, "change_message": "[{\"changed\": {\"fields\": [\"Item image\"]}}]"}}, {"model": "admin.logentry", "pk": 56, "fields": {"action_time": "2025-05-24T18:36:37.967Z", "user": 2, "content_type": 11, "object_id": "3", "object_repr": "Order #3 by Admin", "action_flag": 3, "change_message": ""}}, {"model": "admin.logentry", "pk": 57, "fields": {"action_time": "2025-05-24T18:36:38.085Z", "user": 2, "content_type": 11, "object_id": "2", "object_repr": "Order #2 by Admin", "action_flag": 3, "change_message": ""}}, {"model": "admin.logentry", "pk": 58, "fields": {"action_time": "2025-05-24T18:36:38.193Z", "user": 2, "content_type": 11, "object_id": "1", "object_repr": "Order #1 by Admin", "action_flag": 3, "change_message": ""}}, {"model": "admin.logentry", "pk": 59, "fields": {"action_time": "2025-06-06T00:03:12.661Z", "user": 6, "content_type": 4, "object_id": "2", "object_repr": "OGcustomer", "action_flag": 2, "change_message": "[{\"changed\": {\"fields\": [\"Username\", \"Staff status\", \"Superuser status\"]}}]"}}, {"model": "admin.logentry", "pk": 60, "fields": {"action_time": "2025-06-06T00:04:00.645Z", "user": 6, "content_type": 4, "object_id": "3", "object_repr": "Foodie_in_Hoodie", "action_flag": 2, "change_message": "[{\"changed\": {\"fields\": [\"Username\", \"Email address\"]}}]"}}, {"model": "admin.logentry", "pk": 61, "fields": {"action_time": "2025-06-06T00:04:48.190Z", "user": 6, "content_type": 4, "object_id": "1", "object_repr": "Khadokkuddus", "action_flag": 2, "change_message": "[{\"changed\": {\"fields\": [\"Username\", \"Email address\"]}}]"}}, {"model": "admin.logentry", "pk": 62, "fields": {"action_time": "2025-06-06T00:05:58.368Z", "user": 6, "content_type": 4, "object_id": "4", "object_repr": "FoodCriticNo1", "action_flag": 2, "change_message": "[{\"changed\": {\"fields\": [\"Username\", \"Email address\"]}}]"}}, {"model": "admin.logentry", "pk": 63, "fields": {"action_time": "2025-06-06T00:07:37.183Z", "user": 6, "content_type": 12, "object_id": "5", "object_repr": "Review object (5)", "action_flag": 2, "change_message": "[{\"changed\": {\"fields\": [\"Content\"]}}]"}}, {"model": "admin.logentry", "pk": 64, "fields": {"action_time": "2025-06-06T00:08:03.926Z", "user": 6, "content_type": 12, "object_id": "9", "object_repr": "Review object (9)", "action_flag": 2, "change_message": "[{\"changed\": {\"fields\": [\"User\"]}}]"}}, {"model": "admin.logentry", "pk": 65, "fields": {"action_time": "2025-06-06T00:08:12.973Z", "user": 6, "content_type": 12, "object_id": "8", "object_repr": "Review object (8)", "action_flag": 3, "change_message": ""}}, {"model": "admin.logentry", "pk": 66, "fields": {"action_time": "2025-06-06T00:08:39.604Z", "user": 6, "content_type": 12, "object_id": "1", "object_repr": "Review object (1)", "action_flag": 2, "change_message": "[{\"changed\": {\"fields\": [\"User\", \"Is featured\"]}}]"}}, {"model": "admin.logentry", "pk": 67, "fields": {"action_time": "2025-06-06T00:09:18.574Z", "user": 6, "content_type": 12, "object_id": "2", "object_repr": "Review object (2)", "action_flag": 2, "change_message": "[{\"changed\": {\"fields\": [\"User\"]}}]"}}, {"model": "admin.logentry", "pk": 68, "fields": {"action_time": "2025-06-06T00:10:42.311Z", "user": 6, "content_type": 11, "object_id": "12", "object_repr": "Order #12 by SSKsan", "action_flag": 3, "change_message": ""}}, {"model": "admin.logentry", "pk": 69, "fields": {"action_time": "2025-06-06T00:10:58.753Z", "user": 6, "content_type": 11, "object_id": "9", "object_repr": "Order #9 by Khadokkuddus", "action_flag": 2, "change_message": "[{\"changed\": {\"fields\": [\"User\"]}}]"}}, {"model": "admin.logentry", "pk": 70, "fields": {"action_time": "2025-06-06T00:11:08.214Z", "user": 6, "content_type": 11, "object_id": "10", "object_repr": "Order #10 by Khadokkuddus", "action_flag": 2, "change_message": "[{\"changed\": {\"fields\": [\"User\"]}}]"}}, {"model": "admin.logentry", "pk": 71, "fields": {"action_time": "2025-06-06T00:11:26.812Z", "user": 6, "content_type": 11, "object_id": "8", "object_repr": "Order #8 by FoodCriticNo1", "action_flag": 2, "change_message": "[{\"changed\": {\"fields\": [\"User\"]}}]"}}, {"model": "auth.user", "pk": 1, "fields": {"password": "pbkdf2_sha256$1000000$ENSva1qnuroJxvLkSxRGjs$emEHKzICmd95XMGJszFzflpJpYRajwHbOrqqXtwxEhI=", "last_login": "2025-05-10T17:46:38Z", "is_superuser": false, "username": "Khadokkuddus", "first_name": "", "last_name": "", "email": "iloveating@gmail.com", "is_staff": false, "is_active": true, "date_joined": "2025-05-04T11:53:20Z", "groups": [], "user_permissions": []}}, {"model": "auth.user", "pk": 2, "fields": {"password": "pbkdf2_sha256$1000000$pTD44a4YLYIjDzAMzsbhPo$WC6aoj7ocu+VammtagK3vfTC4txZXqBWd/LcyaHtT/o=", "last_login": "2025-06-06T00:00:15Z", "is_superuser": false, "username": "OGcustomer", "first_name": "", "last_name": "", "email": "admin@gmail.com", "is_staff": false, "is_active": true, "date_joined": "2025-05-05T06:04:32Z", "groups": [], "user_permissions": []}}, {"model": "auth.user", "pk": 3, "fields": {"password": "pbkdf2_sha256$720000$1iTuWLOwhryCn4KVDWOucL$IlY7xEIOnGHw1fyQeL3KKuFEmJ1lzN57jhRWudeH4s4=", "last_login": "2025-05-25T16:26:46Z", "is_superuser": false, "username": "Foodie_in_Hoodie", "first_name": "", "last_name": "", "email": "phildunphy101@gmail.com", "is_staff": false, "is_active": true, "date_joined": "2025-05-25T16:08:05Z", "groups": [], "user_permissions": []}}, {"model": "auth.user", "pk": 4, "fields": {"password": "pbkdf2_sha256$720000$lULPZVfl22mR4DFOj4mUR4$v49P/3evDTgyxU06ymb+ur+43R1UZbDTAD/O3OtFr+c=", "last_login": "2025-05-25T18:14:41Z", "is_superuser": false, "username": "FoodCriticNo1", "first_name": "", "last_name": "", "email": "yelpbutbadder@yahoo.com", "is_staff": false, "is_active": true, "date_joined": "2025-05-25T16:34:42Z", "groups": [], "user_permissions": []}}, {"model": "auth.user", "pk": 5, "fields": {"password": "pbkdf2_sha256$720000$C1yEJJNjMYOIRqPOeXpKmz$4K6p6SzvS/ClHpdrnARlw6mqptojDC7e92qwG8hez3E=", "last_login": "2025-06-05T10:36:45.283Z", "is_superuser": false, "username": "SSKsan", "first_name": "", "last_name": "", "email": "saminsadikkhan@gmail.com", "is_staff": false, "is_active": true, "date_joined": "2025-06-04T05:43:56.077Z", "groups": [], "user_permissions": []}}, {"model": "auth.user", "pk": 6, "fields": {"password": "pbkdf2_sha256$1000000$A1cb16AA7IMt9INS587d6Q$8C0VZfILg0FvGburBBDo+pMqhWAV3xQtDqemryVgxmQ=", "last_login": "2025-06-06T00:02:03.928Z", "is_superuser": true, "username": "KhawarBoss", "first_name": "", "last_name": "", "email": "bd555615@gmail.com", "is_staff": true, "is_active": true, "date_joined": "2025-06-06T00:01:26.722Z", "groups": [], "user_permissions": []}}, {"model": "sessions.session", "pk": "1s3dfra11q5dqwxnhfb79k68ibxofhma", "fields": {"session_data": ".eJxVjMsOgjAQRf-la9OMUNqOS_d-QzOPVlADCYWV8d-FhIVuzzn3vk2idenTWvOcBjUX483plzHJM4-70AeN98nKNC7zwHZP7GGrvU2aX9ej_TvoqfbbOmJAEWSIuUX06plVQowRisfcAFAB8O6sG1FyrbiuA8EmFEdcGjWfL9ypN70:1uNKX6:_V43dJ2JrdWl6QO6hJhyZ1OEimAu8tp8RN8MdkfcpHM", "expire_date": "2025-06-20T00:02:04.029Z"}}, {"model": "sessions.session", "pk": "tafvzzf54mnhgeoyd17rypvsepvenv5s", "fields": {"session_data": ".eJxVjsEOgyAQRP-Fc0NUELXH3v0Gs-yuxdqCQTw1_fdC4qG9zpt5mbeY4EhuOnaO00LiKlpx-c0s4Mq-AHqAvweJwae4WFkq8qS7HAPx83Z2_wQOdle0ylamB90wGkuaB2yNha4h0ohdRdiblpGoM3NGVT3MelY15BHmnYIsDZGy78XJhfJnW3A9NvH5ArZvQQk:1uMsMu:O8b4krgvDI2SsTnYlzb8UI6AF6_HVcbWluzSss9LSnY", "expire_date": "2025-06-18T17:57:40.042Z"}}, {"model": "menu.category", "pk": "Burger", "fields": {"category_slug": "burger"}}, {"model": "menu.category", "pk": "Drink", "fields": {"category_slug": "drink"}}, {"model": "menu.category", "pk": "Pizza", "fields": {"category_slug": "pizza"}}, {"model": "menu.category", "pk": "Platter", "fields": {"category_slug": "platter"}}, {"model": "menu.category", "pk": "Side Dish", "fields": {"category_slug": "side-dish"}}, {"model": "menu.category", "pk": "Uncategorized", "fields": {"category_slug": "uncategorized"}}, {"model": "menu.menuitem", "pk": "Artistic Burger", "fields": {"description": "Smushed inside an eye-catching red bun are the premium crispy chicken patty, mayo, fresh fries, lettuce, and our signature cheese sauce, a flavor blast for your mouth and candy for the eyes.", "item_image": "menu/burgart.jpg", "price": 350.0, "is_available": true, "is_featured": true, "item_slug": "artistic-burger", "category": "Burger"}}, {"model": "menu.menuitem", "pk": "BBQ Pizza", "fields": {"description": "Subtle BBQ taste in your pizza, nor more, not less, Just the perfect amount of BBQ", "item_image": "menu/bbq-pizza.jpg", "price": 220.0, "is_available": true, "is_featured": false, "item_slug": "bbq-pizza", "category": "Pizza"}}, {"model": "menu.menuitem", "pk": "Beefy Burger", "fields": {"description": "Classic Beef Burger, with pickles, tomatoes, lettuce, cheese and our signature sauce.", "item_image": "menu/beef-burger.jpg", "price": 150.0, "is_available": true, "is_featured": false, "item_slug": "beefy-burger", "category": "Burger"}}, {"model": "menu.menuitem", "pk": "Blue Lagoon", "fields": {"description": "Refreshing cocktail made with blueberry extract, lime juice and mint.", "item_image": "menu/blue-lagoon.jpg", "price": 150.0, "is_available": true, "is_featured": true, "item_slug": "blue-lagoon", "category": "Drink"}}, {"model": "menu.menuitem", "pk": "Chicken Nuggets", "fields": {"description": "Crispy, Tender and Juicy Chicken Nuggs, with a burst of flavour", "item_image": "menu/nuggets.jpg", "price": 120.0, "is_available": true, "is_featured": false, "item_slug": "chicken-nuggets", "category": "Side Dish"}}, {"model": "menu.menuitem", "pk": "Choco Pizza", "fields": {"description": "You love it or you hate it, a chocolaty loaded pizza you must try before judging", "item_image": "menu/choco-pizza.jpg", "price": 300.0, "is_available": true, "is_featured": true, "item_slug": "choco-pizza", "category": "Pizza"}}, {"model": "menu.menuitem", "pk": "Chunky Pizza", "fields": {"description": "Loaded with chunk of beef that melts in your mouth with the cheese!", "item_image": "menu/chunky-pizza.jpg", "price": 200.0, "is_available": true, "is_featured": false, "item_slug": "chunky-pizza", "category": "Pizza"}}, {"model": "menu.menuitem", "pk": "Classic Cheese Pizza", "fields": {"description": "Just plain cheese, because sometimes less is more and simple is just what you need", "item_image": "menu/plain-pizza.jpg", "price": 130.0, "is_available": true, "is_featured": false, "item_slug": "classic-cheese-pizza", "category": "Pizza"}}, {"model": "menu.menuitem", "pk": "Classic Mini Pizza", "fields": {"description": "Italian classic pizza with cheese, tomato sauce and greens, ideal for one person", "item_image": "menu/classic-pizza.jpg", "price": 150.0, "is_available": true, "is_featured": false, "item_slug": "classic-mini-pizza", "category": "Pizza"}}, {"model": "menu.menuitem", "pk": "Cold Coffee", "fields": {"description": "Refreshing cold coffee with skim milk and freshly brewed coffee", "item_image": "menu/cold-coffee.jpg", "price": 100.0, "is_available": true, "is_featured": false, "item_slug": "cold-coffee", "category": "Drink"}}, {"model": "menu.menuitem", "pk": "French Fries", "fields": {"description": "", "item_image": "menu/fries.jpg", "price": 100.0, "is_available": true, "is_featured": true, "item_slug": "french-fries", "category": "Side Dish"}}, {"model": "menu.menuitem", "pk": "Juicy Bagel Burger", "fields": {"description": "Layers of Beef patties, Cheese, and Beef Bacon kept together by our signature Bagel buns.", "item_image": "menu/bagel-burger.jpg", "price": 250.0, "is_available": true, "is_featured": false, "item_slug": "signature-bagel-burger", "category": "Burger"}}, {"model": "menu.menuitem", "pk": "Jumbo Cheese Burger", "fields": {"description": "Beef and Chicken double patty Burger with a blast of Cheese, Caramelized onions and Pickles!", "item_image": "menu/double-burger.jpg", "price": 200.0, "is_available": true, "is_featured": false, "item_slug": "jumbo-cheese-burger", "category": "Burger"}}, {"model": "menu.menuitem", "pk": "Lemonade", "fields": {"description": "Classic lemonade to quench your thurst", "item_image": "menu/lemonade.jpg", "price": 70.0, "is_available": true, "is_featured": false, "item_slug": "lemonade", "category": "Drink"}}, {"model": "menu.menuitem", "pk": "Mushroom Pizza", "fields": {"description": "Cheesy pizza with loaded mushrooms", "item_image": "menu/mushroom-pizza.jpg", "price": 200.0, "is_available": true, "is_featured": false, "item_slug": "mushroom-pizza", "category": "Pizza"}}, {"model": "menu.menuitem", "pk": "Pepperoni Pizza", "fields": {"description": "Classic pizza loaded with beef pepperoni", "item_image": "menu/peparoni-pizza.jpg", "price": 180.0, "is_available": true, "is_featured": false, "item_slug": "pepperoni-pizza", "category": "Pizza"}}, {"model": "menu.menuitem", "pk": "Premium Deshi Platter", "fields": {"description": "Consists of special paratha, basmati rice, 5 types of vegetable curries and lentils, chicken curry, and an unforgettable satisfaction.", "item_image": "menu/premium-deshi-platter.jpg", "price": 1000.0, "is_available": true, "is_featured": false, "item_slug": "premium-deshi-platter", "category": "Platter"}}, {"model": "menu.menuitem", "pk": "Sausage Pizza", "fields": {"description": "Topped with chunky pieces of beef sausages, a classic pizza", "item_image": "menu/sausage-pizza.jpg", "price": 200.0, "is_available": false, "is_featured": true, "item_slug": "sausage-pizza", "category": "Pizza"}}, {"model": "menu.menuitem", "pk": "The Breakfast Burger", "fields": {"description": "Classic full English breakfast in your burger, Sunnyside Eggs, Crispy Beef Bacon and Beef patty", "item_image": "menu/sunny-burger.jpg", "price": 225.0, "is_available": false, "is_featured": false, "item_slug": "english-breakfast-burger", "category": "Burger"}}, {"model": "menu.menuitem", "pk": "Zesty Burger", "fields": {"description": "Smashed beef patty, Caramelized onions, Mushrooms, Red spinach and Mustard sauce, makes this burger ZESTYY", "item_image": "menu/chicken-burger.jpg", "price": 180.0, "is_available": true, "is_featured": false, "item_slug": "zesty-burger", "category": "Burger"}}, {"model": "menu.review", "pk": 1, "fields": {"item": "Premium Deshi Platter", "user": 3, "content": "Very underrated restaurant, their premium deshi platter is to die for, 10/10.\r\nAlso very good service.", "rating": 5, "image": "", "is_featured": true, "timestamp": "2025-06-06T00:08:39.603Z"}}, {"model": "menu.review", "pk": 2, "fields": {"item": "Artistic Burger", "user": 4, "content": "Great value and taste, but it used to be better. The service is still top-notch though...", "rating": 3, "image": "", "is_featured": true, "timestamp": "2025-06-06T00:09:18.573Z"}}, {"model": "menu.review", "pk": 3, "fields": {"item": "Choco Pizza", "user": 1, "content": "Tried on offer, never thought I will like this, but I was pleasantly surprised. All dishes I tried from this place are BANGER", "rating": 5, "image": "", "is_featured": true, "timestamp": "2025-05-14T16:43:29.840Z"}}, {"model": "menu.review", "pk": 4, "fields": {"item": "French Fries", "user": 1, "content": "The taste and quantity of food is great for the price. Recommended", "rating": 4, "image": "", "is_featured": true, "timestamp": "2025-05-14T16:44:07.935Z"}}, {"model": "menu.review", "pk": 5, "fields": {"item": "French Fries", "user": 2, "content": "Finger Licking Good. What an Underrated restaurant. Will be coming frequently just for the fries!", "rating": 5, "image": "review_images/fries.jpg", "is_featured": true, "timestamp": "2025-06-06T00:07:37.182Z"}}, {"model": "menu.review", "pk": 6, "fields": {"item": "Sausage Pizza", "user": 2, "content": "Mammamiya, it was great while it was available", "rating": 4, "image": "review_images/sausage-pizza.jpg", "is_featured": false, "timestamp": "2025-05-20T19:53:35.586Z"}}, {"model": "menu.review", "pk": 7, "fields": {"item": "Pepperoni Pizza", "user": 5, "content": "Classic", "rating": 4, "image": "", "is_featured": false, "timestamp": "2025-06-04T17:02:17.466Z"}}, {"model": "menu.review", "pk": 9, "fields": {"item": "Jumbo Cheese Burger", "user": 1, "content": "Very Tender and Juicy.\r\nBest burger I have ever tasted in my life frfr!!\r\nDidn't like the waiter though...", "rating": 4, "image": "", "is_featured": false, "timestamp": "2025-06-06T00:08:03.925Z"}}, {"model": "orders.cart_item", "pk": 50, "fields": {"user": 2, "item": "Beefy Burger", "quantity": 1}}, {"model": "orders.order", "pk": 1, "fields": {"user": 2, "subtotal": "570.00", "charge": "100.00", "order_method": "delivery", "payment_method": "cash", "status": "pending", "contact": "+8801XXXXXXXXX", "address": "Dhaka", "note": "Extra SPICY", "orderTime": "2025-05-24T18:44:20.543Z"}}, {"model": "orders.order", "pk": 2, "fields": {"user": 2, "subtotal": "700.00", "charge": "0.00", "order_method": "pickup", "payment_method": "cash", "status": "pending", "contact": "01XXXXXXXXX", "address": null, "note": "", "orderTime": "2025-05-24T18:45:17.657Z"}}, {"model": "orders.order", "pk": 3, "fields": {"user": 2, "subtotal": "1040.00", "charge": "0.00", "order_method": "pickup", "payment_method": "cash", "status": "pending", "contact": "01XXXXXXXXX", "address": null, "note": "make it nice", "orderTime": "2025-05-24T18:47:19.336Z"}}, {"model": "orders.order", "pk": 4, "fields": {"user": 2, "subtotal": "720.00", "charge": "100.00", "order_method": "delivery", "payment_method": "cash", "status": "pending", "contact": "01XXXXXXXXX", "address": "Uganda", "note": "Do be LIT", "orderTime": "2025-05-24T18:47:54.569Z"}}, {"model": "orders.order", "pk": 5, "fields": {"user": 2, "subtotal": "720.00", "charge": "100.00", "order_method": "delivery", "payment_method": "cash", "status": "pending", "contact": "+8801XXXXXXXXX", "address": "Amrikka", "note": "First time?", "orderTime": "2025-05-24T18:48:45.636Z"}}, {"model": "orders.order", "pk": 6, "fields": {"user": 2, "subtotal": "480.00", "charge": "100.00", "order_method": "delivery", "payment_method": "cash", "status": "pending", "contact": "01XXXXXXXXX", "address": "Tokyo", "note": "arigato gozarmas", "orderTime": "2025-05-24T18:49:33.447Z"}}, {"model": "orders.order", "pk": 7, "fields": {"user": 2, "subtotal": "220.00", "charge": "0.00", "order_method": "pickup", "payment_method": "digital", "status": "pending", "contact": "01XXXXXXXXX", "address": null, "note": "", "orderTime": "2025-05-24T18:54:14.720Z"}}, {"model": "orders.order", "pk": 8, "fields": {"user": 4, "subtotal": "360.00", "charge": "0.00", "order_method": "pickup", "payment_method": "digital", "status": "pending", "contact": "01XXXXXXXXX", "address": "", "note": "sadjskjdskjdaksdjkasjdsad\r\nsadjklsajd\r\ndsajdkajsdksajdsakdj\r\nsdjasj\r\nsdhasdjhasdjhasjdhasjdkahdjkashdhsadjh", "orderTime": "2025-06-03T06:30:58.531Z"}}, {"model": "orders.order", "pk": 9, "fields": {"user": 1, "subtotal": "1330.00", "charge": "100.00", "order_method": "delivery", "payment_method": "cash", "status": "pending", "contact": "01XXXXXXXXX", "address": "**** ******** *** ********", "note": "********* ** *** ****\r\n** ***", "orderTime": "2025-06-04T05:53:20.689Z"}}, {"model": "orders.order", "pk": 10, "fields": {"user": 1, "subtotal": "120.00", "charge": "0.00", "order_method": "pickup", "payment_method": "cash", "status": "pending", "contact": "+8801XXXXXXXXX", "address": "", "note": "", "orderTime": "2025-06-04T05:56:40.228Z"}}, {"model": "orders.order", "pk": 11, "fields": {"user": 5, "subtotal": "1100.00", "charge": "0.00", "order_method": "pickup", "payment_method": "digital", "status": "pending", "contact": "01XXXXXXXXX", "address": null, "note": "", "orderTime": "2025-06-04T17:21:01.174Z"}}, {"model": "orders.order", "pk": 13, "fields": {"user": 5, "subtotal": "520.00", "charge": "0.00", "order_method": "pickup", "payment_method": "digital", "status": "pending", "contact": "+8801XXXXXXXXX", "address": null, "note": "", "orderTime": "2025-06-04T17:24:42.480Z"}}, {"model": "orders.order", "pk": 14, "fields": {"user": 5, "subtotal": "920.00", "charge": "0.00", "order_method": "pickup", "payment_method": "digital", "status": "pending", "contact": "+8801XXXXXXXXX", "address": null, "note": "", "orderTime": "2025-06-04T17:29:02.825Z"}}, {"model": "orders.order", "pk": 15, "fields": {"user": 5, "subtotal": "1070.00", "charge": "0.00", "order_method": "pickup", "payment_method": "cash", "status": "pending", "contact": "01XXXXXXXXX", "address": null, "note": "", "orderTime": "2025-06-04T17:30:52.936Z"}}, {"model": "orders.order", "pk": 16, "fields": {"user": 5, "subtotal": "940.00", "charge": "0.00", "order_method": "pickup", "payment_method": "cash", "status": "pending", "contact": "+8801XXXXXXXXX", "address": null, "note": "", "orderTime": "2025-06-04T17:36:45.359Z"}}, {"model": "orders.order", "pk": 17, "fields": {"user": 5, "subtotal": "1640.00", "charge": "0.00", "order_method": "pickup", "payment_method": "cash", "status": "pending", "contact": "+8801XXXXXXXXX", "address": null, "note": "", "orderTime": "2025-06-04T17:44:35.817Z"}}, {"model": "orders.order", "pk": 18, "fields": {"user": 5, "subtotal": "1310.00", "charge": "100.00", "order_method": "delivery", "payment_method": "cash", "status": "pending", "contact": "01XXXXXXXXX", "address": "___", "note": "", "orderTime": "2025-06-04T17:47:34.869Z"}}, {"model": "orders.order", "pk": 19, "fields": {"user": 5, "subtotal": "920.00", "charge": "100.00", "order_method": "delivery", "payment_method": "cash", "status": "pending", "contact": "01XXXXXXXXX", "address": "_", "note": "", "orderTime": "2025-06-04T17:50:16.619Z"}}, {"model": "orders.order", "pk": 20, "fields": {"user": 5, "subtotal": "150.00", "charge": "100.00", "order_method": "delivery", "payment_method": "digital", "status": "pending", "contact": "01XXXXXXXXX", "address": "_", "note": "", "orderTime": "2025-06-04T17:51:11.392Z"}}, {"model": "orders.order", "pk": 21, "fields": {"user": 5, "subtotal": "150.00", "charge": "100.00", "order_method": "delivery", "payment_method": "cash", "status": "pending", "contact": "+8801XXXXXXXXX", "address": "s", "note": "", "orderTime": "2025-06-04T17:52:01.161Z"}}, {"model": "orders.order", "pk": 22, "fields": {"user": 5, "subtotal": "220.00", "charge": "100.00", "order_method": "delivery", "payment_method": "cash", "status": "pending", "contact": "+8801XXXXXXXXX", "address": "s", "note": "", "orderTime": "2025-06-04T17:54:42.776Z"}}, {"model": "orders.order", "pk": 23, "fields": {"user": 5, "subtotal": "370.00", "charge": "100.00", "order_method": "delivery", "payment_method": "cash", "status": "pending", "contact": "+8801XXXXXXXXX", "address": "a", "note": "", "orderTime": "2025-06-04T17:55:54.806Z"}}, {"model": "orders.order", "pk": 24, "fields": {"user": 5, "subtotal": "1370.00", "charge": "0.00", "order_method": "pickup", "payment_method": "digital", "status": "pending", "contact": "+8801XXXXXXXXX", "address": null, "note": "", "orderTime": "2025-06-04T17:57:36.192Z"}}, {"model": "orders.order", "pk": 25, "fields": {"user": 5, "subtotal": "570.00", "charge": "0.00", "order_method": "pickup", "payment_method": "cash", "status": "pending", "contact": "+8801XXXXXXXXX", "address": null, "note": "", "orderTime": "2025-06-05T10:37:02.943Z"}}, {"model": "orders.order_item", "pk": 9, "fields": {"order": 1, "item_name": "BBQ Pizza", "item_price": "220.00", "quantity": 1}}, {"model": "orders.order_item", "pk": 10, "fields": {"order": 1, "item_name": "Artistic Burger", "item_price": "350.00", "quantity": 1}}, {"model": "orders.order_item", "pk": 11, "fields": {"order": 2, "item_name": "Artistic Burger", "item_price": "350.00", "quantity": 2}}, {"model": "orders.order_item", "pk": 12, "fields": {"order": 3, "item_name": "BBQ Pizza", "item_price": "220.00", "quantity": 1}}, {"model": "orders.order_item", "pk": 13, "fields": {"order": 3, "item_name": "Artistic Burger", "item_price": "350.00", "quantity": 2}}, {"model": "orders.order_item", "pk": 14, "fields": {"order": 3, "item_name": "Chicken Nuggets", "item_price": "120.00", "quantity": 1}}, {"model": "orders.order_item", "pk": 15, "fields": {"order": 4, "item_name": "BBQ Pizza", "item_price": "220.00", "quantity": 1}}, {"model": "orders.order_item", "pk": 16, "fields": {"order": 4, "item_name": "Artistic Burger", "item_price": "350.00", "quantity": 1}}, {"model": "orders.order_item", "pk": 17, "fields": {"order": 4, "item_name": "Beefy Burger", "item_price": "150.00", "quantity": 1}}, {"model": "orders.order_item", "pk": 18, "fields": {"order": 5, "item_name": "BBQ Pizza", "item_price": "220.00", "quantity": 1}}, {"model": "orders.order_item", "pk": 19, "fields": {"order": 5, "item_name": "Beefy Burger", "item_price": "150.00", "quantity": 1}}, {"model": "orders.order_item", "pk": 20, "fields": {"order": 5, "item_name": "Artistic Burger", "item_price": "350.00", "quantity": 1}}, {"model": "orders.order_item", "pk": 21, "fields": {"order": 6, "item_name": "Blue Lagoon", "item_price": "150.00", "quantity": 1}}, {"model": "orders.order_item", "pk": 22, "fields": {"order": 6, "item_name": "Classic Cheese Pizza", "item_price": "130.00", "quantity": 1}}, {"model": "orders.order_item", "pk": 23, "fields": {"order": 6, "item_name": "Chunky Pizza", "item_price": "200.00", "quantity": 1}}, {"model": "orders.order_item", "pk": 24, "fields": {"order": 7, "item_name": "BBQ Pizza", "item_price": "220.00", "quantity": 1}}, {"model": "orders.order_item", "pk": 25, "fields": {"order": 8, "item_name": "Zesty Burger", "item_price": "180.00", "quantity": 2}}, {"model": "orders.order_item", "pk": 26, "fields": {"order": 9, "item_name": "French Fries", "item_price": "100.00", "quantity": 4}}, {"model": "orders.order_item", "pk": 27, "fields": {"order": 9, "item_name": "Pepperoni Pizza", "item_price": "180.00", "quantity": 1}}, {"model": "orders.order_item", "pk": 28, "fields": {"order": 9, "item_name": "Jumbo Cheese Burger", "item_price": "200.00", "quantity": 2}}, {"model": "orders.order_item", "pk": 29, "fields": {"order": 9, "item_name": "Artistic Burger", "item_price": "350.00", "quantity": 1}}, {"model": "orders.order_item", "pk": 30, "fields": {"order": 10, "item_name": "Chicken Nuggets", "item_price": "120.00", "quantity": 1}}, {"model": "orders.order_item", "pk": 31, "fields": {"order": 11, "item_name": "Mushroom Pizza", "item_price": "200.00", "quantity": 1}}, {"model": "orders.order_item", "pk": 32, "fields": {"order": 11, "item_name": "Beefy Burger", "item_price": "150.00", "quantity": 2}}, {"model": "orders.order_item", "pk": 33, "fields": {"order": 11, "item_name": "Jumbo Cheese Burger", "item_price": "200.00", "quantity": 3}}, {"model": "orders.order_item", "pk": 34, "fields": {"order": 13, "item_name": "Beefy Burger", "item_price": "150.00", "quantity": 2}}, {"model": "orders.order_item", "pk": 35, "fields": {"order": 13, "item_name": "BBQ Pizza", "item_price": "220.00", "quantity": 1}}, {"model": "orders.order_item", "pk": 36, "fields": {"order": 14, "item_name": "BBQ Pizza", "item_price": "220.00", "quantity": 1}}, {"model": "orders.order_item", "pk": 37, "fields": {"order": 14, "item_name": "Artistic Burger", "item_price": "350.00", "quantity": 2}}, {"model": "orders.order_item", "pk": 38, "fields": {"order": 15, "item_name": "Beefy Burger", "item_price": "150.00", "quantity": 1}}, {"model": "orders.order_item", "pk": 39, "fields": {"order": 15, "item_name": "BBQ Pizza", "item_price": "220.00", "quantity": 1}}, {"model": "orders.order_item", "pk": 40, "fields": {"order": 15, "item_name": "Artistic Burger", "item_price": "350.00", "quantity": 2}}, {"model": "orders.order_item", "pk": 41, "fields": {"order": 16, "item_name": "Beefy Burger", "item_price": "150.00", "quantity": 1}}, {"model": "orders.order_item", "pk": 42, "fields": {"order": 16, "item_name": "BBQ Pizza", "item_price": "220.00", "quantity": 2}}, {"model": "orders.order_item", "pk": 43, "fields": {"order": 16, "item_name": "Artistic Burger", "item_price": "350.00", "quantity": 1}}, {"model": "orders.order_item", "pk": 44, "fields": {"order": 17, "item_name": "Beefy Burger", "item_price": "150.00", "quantity": 1}}, {"model": "orders.order_item", "pk": 45, "fields": {"order": 17, "item_name": "BBQ Pizza", "item_price": "220.00", "quantity": 2}}, {"model": "orders.order_item", "pk": 46, "fields": {"order": 17, "item_name": "Artistic Burger", "item_price": "350.00", "quantity": 3}}, {"model": "orders.order_item", "pk": 47, "fields": {"order": 18, "item_name": "Beefy Burger", "item_price": "150.00", "quantity": 2}}, {"model": "orders.order_item", "pk": 48, "fields": {"order": 18, "item_name": "BBQ Pizza", "item_price": "220.00", "quantity": 3}}, {"model": "orders.order_item", "pk": 49, "fields": {"order": 18, "item_name": "Artistic Burger", "item_price": "350.00", "quantity": 1}}, {"model": "orders.order_item", "pk": 50, "fields": {"order": 19, "item_name": "BBQ Pizza", "item_price": "220.00", "quantity": 1}}, {"model": "orders.order_item", "pk": 51, "fields": {"order": 19, "item_name": "Artistic Burger", "item_price": "350.00", "quantity": 2}}, {"model": "orders.order_item", "pk": 52, "fields": {"order": 20, "item_name": "Beefy Burger", "item_price": "150.00", "quantity": 1}}, {"model": "orders.order_item", "pk": 53, "fields": {"order": 21, "item_name": "Beefy Burger", "item_price": "150.00", "quantity": 1}}, {"model": "orders.order_item", "pk": 54, "fields": {"order": 22, "item_name": "BBQ Pizza", "item_price": "220.00", "quantity": 1}}, {"model": "orders.order_item", "pk": 55, "fields": {"order": 23, "item_name": "Beefy Burger", "item_price": "150.00", "quantity": 1}}, {"model": "orders.order_item", "pk": 56, "fields": {"order": 23, "item_name": "BBQ Pizza", "item_price": "220.00", "quantity": 1}}, {"model": "orders.order_item", "pk": 57, "fields": {"order": 24, "item_name": "Beefy Burger", "item_price": "150.00", "quantity": 3}}, {"model": "orders.order_item", "pk": 58, "fields": {"order": 24, "item_name": "BBQ Pizza", "item_price": "220.00", "quantity": 1}}, {"model": "orders.order_item", "pk": 59, "fields": {"order": 24, "item_name": "Artistic Burger", "item_price": "350.00", "quantity": 2}}, {"model": "orders.order_item", "pk": 60, "fields": {"order": 25, "item_name": "Artistic Burger", "item_price": "350.00", "quantity": 1}}, {"model": "orders.order_item", "pk": 61, "fields": {"order": 25, "item_name": "BBQ Pizza", "item_price": "220.00", "quantity": 1}}]
